product Name,Category,Price,Available Qty,Product Desc,IMG
Himalaya babycare soap,Babycare,150,400,Himalaya Gentele Baby care soap.,
Himalaya babycare soap,Babycare,150,400,Himalaya Gentele Baby care soap.,
Himalaya babycare soap,Babycare,150,400,Himalaya Gentele Baby care soap.,
Himalaya babycare soap,Babycare,150,400,Himalaya Gentele Baby care soap.,
Himalaya babycare soap,Babycare,150,400,Himalaya Gentele Baby care soap.,
Himalaya babycare soap,Babycare,150,400,Himalaya Gentele Baby care soap.,
Himalaya babycare soap,Babycare,150,400,Himalaya Gentele Baby care soap.,
Himalaya babycare soap,Babycare,150,400,Himalaya Gentele Baby care soap.,
Himalaya babycare soap,Babycare,150,400,Himalaya Gentele Baby care soap.,
Himalaya babycare soap,Babycare,150,400,Himalaya Gentele Baby care soap.,
Himalaya babycare soap,Babycare,150,400,Himalaya Gentele Baby care soap.,
